[
  {
    "value": "multiple_choice_question",
    "synonyms": [
      "multiple choice",
      "objective question",
      "choice question"
    ]
  },
  {
    "value": "short_answer_question",
    "synonyms": [
      "short answer",
      "brief answer"
    ]
  },
  {
    "value": "essay",
    "synonyms": [
      "essay",
      "descriptive answer",
      "long answer",
      "lengthy answer",
      "document"
    ]
  },
  {
    "value": "reading",
    "synonyms": [
      "reading"
    ]
  },
  {
    "value": "video",
    "synonyms": [
      "video",
      "movie",
      "documentary"
    ]
  },
  {
    "value": "audio",
    "synonyms": [
      "audio",
      "podcast"
    ]
  }
]