[
  {
    "value": "easy",
    "synonyms": [
      "easy",
      "simple",
      "easy-peasy",
      "easy-breazy",
      "not difficult",
      "straightforward",
      "straight forward",
      "elementary"
    ]
  },
  {
    "value": "moderate",
    "synonyms": [
      "moderate",
      "not easy",
      "average",
      "medium",
      "mediocre",
      "fair",
      "passable"
    ]
  },
  {
    "value": "hard",
    "synonyms": [
      "hard",
      "difficult",
      "complex",
      "challenging",
      "tough",
      "complicated",
      "baffling"
    ]
  },
  {
    "value": "very_hard",
    "synonyms": [
      "real hard",
      "too tough",
      "too hard",
      "very tough",
      "too difficult",
      "very difficult",
      "very challenging",
      "too complicated",
      "extreme",
      "extremely hard",
      "extremely difficult"
    ]
  }
]