[
  {
    "value": "SOCIAL_STUDIES",
    "synonyms": [
      "social",
      "social studies",
      "geography",
      "geology",
      "environment",
      "meteorology",
      "history",
      "ancient history",
      "medieval history",
      "US history",
      "world history",
      "american history",
      "modern history",
      "roman history",
      "greek history",
      "united states history",
      "environmental science"
    ]
  },
  {
    "value": "SCIENCE",
    "synonyms": [
      "science",
      "sciences",
      "biology",
      "botany",
      "zoology",
      "ecology",
      "life science",
      "physics",
      "chemistry",
      "physical sciences"
    ]
  },
  {
    "value": "astronomy",
    "synonyms": [
      "astronomy"
    ]
  }
]