[
  {
    "value": "HISTORY",
    "synonyms": [
      "history",
      "ancient history",
      "medieval history",
      "world history",
      "US History",
      "american history",
      "modern history",
      "roman history",
      "greek history",
      "united states history"
    ]
  },
  {
    "value": "GEOGRAPHY",
    "synonyms": [
      "geography",
      "geology",
      "astronomy",
      "environmental science",
      "environment",
      "meteorology"
    ]
  },
  {
    "value": "LIFE_SCIENCE",
    "synonyms": [
      "biology",
      "botany",
      "zoology",
      "ecology",
      "life science"
    ]
  },
  {
    "value": "PHYSICAL_SCIENCE",
    "synonyms": [
      "physical sciences",
      "physics",
      "chemistry"
    ]
  },
  {
    "value": "SOCIAL_STUDIES",
    "synonyms": [
      "social",
      "social studies"
    ]
  },
  {
    "value": "SCIENCE",
    "synonyms": [
      "science",
      "sciences"
    ]
  }
]