[
  {
    "id": "d2bc2ce5-28ad-48b1-a1c2-b390e46005fd",
    "data": [
      {
        "text": "new announcements",
        "userDefined": false
      }
    ],
    "isTemplate": false,
    "count": 0,
    "updated": 1530034071
  },
  {
    "id": "91141657-545b-4f99-933d-ba99d2f61d73",
    "data": [
      {
        "text": "new announcements for ",
        "userDefined": false
      },
      {
        "text": "science",
        "alias": "subject",
        "meta": "@subject",
        "userDefined": true
      }
    ],
    "isTemplate": false,
    "count": 0,
    "updated": 1530034071
  },
  {
    "id": "7ec735f1-d787-4e43-95f8-21f37ab16b00",
    "data": [
      {
        "text": "read notices for ",
        "userDefined": false
      },
      {
        "text": "social studies",
        "alias": "subject",
        "meta": "@subject",
        "userDefined": true
      }
    ],
    "isTemplate": false,
    "count": 0,
    "updated": 1530034071
  },
  {
    "id": "52327279-38a7-459d-b3c0-2fc16b49dae8",
    "data": [
      {
        "text": "read announcements for ",
        "userDefined": false
      },
      {
        "text": "biology",
        "alias": "subject",
        "meta": "@subject",
        "userDefined": true
      }
    ],
    "isTemplate": false,
    "count": 0,
    "updated": 1530034071
  },
  {
    "id": "06ee1d17-64ba-4edf-9cfd-237d15acb3a3",
    "data": [
      {
        "text": "any new notices in ",
        "userDefined": false
      },
      {
        "text": "geography",
        "alias": "subject",
        "meta": "@subject",
        "userDefined": true
      }
    ],
    "isTemplate": false,
    "count": 0,
    "updated": 1530034071
  },
  {
    "id": "a0cc0a1f-b160-4e63-bd55-4308a330c60b",
    "data": [
      {
        "text": "any new announcements in ",
        "userDefined": false
      },
      {
        "text": "astronomy",
        "alias": "subject",
        "meta": "@subject",
        "userDefined": true
      }
    ],
    "isTemplate": false,
    "count": 0,
    "updated": 1530034071
  },
  {
    "id": "68b6ed54-31ce-4323-9319-b18147d01ef9",
    "data": [
      {
        "text": "any new notices",
        "userDefined": false
      }
    ],
    "isTemplate": false,
    "count": 0,
    "updated": 1530034071
  },
  {
    "id": "5ea5bd29-b009-4d43-9491-54c21b6025af",
    "data": [
      {
        "text": "any new announcements",
        "userDefined": false
      }
    ],
    "isTemplate": false,
    "count": 0,
    "updated": 1530034071
  },
  {
    "id": "6320e79d-753d-4a74-937f-1802d1398493",
    "data": [
      {
        "text": "my announcement",
        "userDefined": false
      }
    ],
    "isTemplate": false,
    "count": 0,
    "updated": 1530034071
  },
  {
    "id": "a8070688-daed-4a29-885b-d042b9b36b9d",
    "data": [
      {
        "text": "my notices",
        "userDefined": false
      }
    ],
    "isTemplate": false,
    "count": 1,
    "updated": 1529507493
  },
  {
    "id": "623af618-a44a-4fb1-8b54-67826a0db04a",
    "data": [
      {
        "text": "my announcements",
        "userDefined": false
      }
    ],
    "isTemplate": false,
    "count": 0,
    "updated": 1530034071
  },
  {
    "id": "699b06db-f1ff-4524-9aaa-dc6ffcd4bf35",
    "data": [
      {
        "text": "read notices",
        "userDefined": false
      }
    ],
    "isTemplate": false,
    "count": 0,
    "updated": 1530034071
  },
  {
    "id": "8beb5209-622d-4ed6-a4ee-f9c93ef418db",
    "data": [
      {
        "text": "read notice",
        "userDefined": false
      }
    ],
    "isTemplate": false,
    "count": 0,
    "updated": 1530034071
  },
  {
    "id": "adb85e60-6050-4a2b-90ff-11a29564dcf7",
    "data": [
      {
        "text": "read announcement",
        "userDefined": false
      }
    ],
    "isTemplate": false,
    "count": 0,
    "updated": 1530034071
  },
  {
    "id": "515b658b-5273-4e99-a749-566da5a54a03",
    "data": [
      {
        "text": "read announcements",
        "userDefined": false
      }
    ],
    "isTemplate": false,
    "count": 0,
    "updated": 1530034071
  }
]