[
  {
    "id": "0527349c-d9d4-42cc-b6f9-f598b4a9152a",
    "data": [
      {
        "text": "new announcements",
        "userDefined": false
      }
    ],
    "isTemplate": false,
    "count": 0,
    "updated": 1531673134
  },
  {
    "id": "574c3d47-c6ce-4ebb-ab82-7842e64cc646",
    "data": [
      {
        "text": "new announcements for ",
        "userDefined": false
      },
      {
        "text": "science",
        "alias": "subject",
        "meta": "@subject",
        "userDefined": true
      }
    ],
    "isTemplate": false,
    "count": 0,
    "updated": 1531673134
  },
  {
    "id": "634fd49b-055f-409a-9403-58401fab8f82",
    "data": [
      {
        "text": "read notices for ",
        "userDefined": false
      },
      {
        "text": "social studies",
        "alias": "subject",
        "meta": "@subject",
        "userDefined": true
      }
    ],
    "isTemplate": false,
    "count": 0,
    "updated": 1531673134
  },
  {
    "id": "fbe7a2e2-8153-4da3-b6e3-77dc4263009f",
    "data": [
      {
        "text": "read announcements for ",
        "userDefined": false
      },
      {
        "text": "biology",
        "alias": "subject",
        "meta": "@subject",
        "userDefined": true
      }
    ],
    "isTemplate": false,
    "count": 0,
    "updated": 1531673134
  },
  {
    "id": "dc532f44-d3d3-4c65-821a-b200552682e9",
    "data": [
      {
        "text": "any new notices in ",
        "userDefined": false
      },
      {
        "text": "geography",
        "alias": "subject",
        "meta": "@subject",
        "userDefined": true
      }
    ],
    "isTemplate": false,
    "count": 0,
    "updated": 1531673134
  },
  {
    "id": "8c323c8b-1454-46b8-b15e-bc8e50c511a5",
    "data": [
      {
        "text": "any new announcements in ",
        "userDefined": false
      },
      {
        "text": "astronomy",
        "alias": "subject",
        "meta": "@subject",
        "userDefined": true
      }
    ],
    "isTemplate": false,
    "count": 0,
    "updated": 1531673134
  },
  {
    "id": "a03bf942-135c-4ed2-a276-6d179ba5939d",
    "data": [
      {
        "text": "any new notices",
        "userDefined": false
      }
    ],
    "isTemplate": false,
    "count": 0,
    "updated": 1531673134
  },
  {
    "id": "13bea50c-5303-4741-bfc4-85e892fdf9a0",
    "data": [
      {
        "text": "any new announcements",
        "userDefined": false
      }
    ],
    "isTemplate": false,
    "count": 0,
    "updated": 1531673134
  },
  {
    "id": "1fc0f71b-9a9d-4711-a3e5-5ff2fb482625",
    "data": [
      {
        "text": "my announcement",
        "userDefined": false
      }
    ],
    "isTemplate": false,
    "count": 0,
    "updated": 1531673134
  },
  {
    "id": "4c45e3dc-144b-454b-b40a-be72379e9f21",
    "data": [
      {
        "text": "my notices",
        "userDefined": false
      }
    ],
    "isTemplate": false,
    "count": 1,
    "updated": 1531673134
  },
  {
    "id": "a031e874-348b-4ebf-9f87-459bdd4d3850",
    "data": [
      {
        "text": "my announcements",
        "userDefined": false
      }
    ],
    "isTemplate": false,
    "count": 0,
    "updated": 1531673134
  },
  {
    "id": "d96e0522-3128-48ee-92c0-187a408da304",
    "data": [
      {
        "text": "read notices",
        "userDefined": false
      }
    ],
    "isTemplate": false,
    "count": 0,
    "updated": 1531673134
  },
  {
    "id": "f6d509d3-5838-42ce-bb40-ab6736f4f50c",
    "data": [
      {
        "text": "read notice",
        "userDefined": false
      }
    ],
    "isTemplate": false,
    "count": 0,
    "updated": 1531673134
  },
  {
    "id": "9003feab-6021-45ab-8f74-b828233f82d4",
    "data": [
      {
        "text": "read announcement",
        "userDefined": false
      }
    ],
    "isTemplate": false,
    "count": 0,
    "updated": 1531673134
  },
  {
    "id": "12c05717-9106-4572-abc5-b1baf853342b",
    "data": [
      {
        "text": "read announcements",
        "userDefined": false
      }
    ],
    "isTemplate": false,
    "count": 0,
    "updated": 1531673134
  }
]