[
  {
    "id": "c5f838f2-7758-48f1-a6e6-a5a0fe947d51",
    "data": [
      {
        "text": "new announcements",
        "userDefined": false
      }
    ],
    "isTemplate": false,
    "count": 0,
    "updated": 1530034071
  },
  {
    "id": "4a9bc56c-b584-45b0-9fa5-c9843cabf190",
    "data": [
      {
        "text": "new announcements for ",
        "userDefined": false
      },
      {
        "text": "science",
        "alias": "subject",
        "meta": "@subject",
        "userDefined": true
      }
    ],
    "isTemplate": false,
    "count": 0,
    "updated": 1530034071
  },
  {
    "id": "1d53d268-b1c0-46e6-9b1c-a638efafb3af",
    "data": [
      {
        "text": "read notices for ",
        "userDefined": false
      },
      {
        "text": "social studies",
        "alias": "subject",
        "meta": "@subject",
        "userDefined": true
      }
    ],
    "isTemplate": false,
    "count": 0,
    "updated": 1530034071
  },
  {
    "id": "e76a6872-dd75-4fb2-9d98-f61ca12ef4f1",
    "data": [
      {
        "text": "read announcements for ",
        "userDefined": false
      },
      {
        "text": "biology",
        "alias": "subject",
        "meta": "@subject",
        "userDefined": true
      }
    ],
    "isTemplate": false,
    "count": 0,
    "updated": 1530034071
  },
  {
    "id": "ae5df1da-3331-48af-91ce-9a589cf94b1d",
    "data": [
      {
        "text": "any new notices in ",
        "userDefined": false
      },
      {
        "text": "geography",
        "alias": "subject",
        "meta": "@subject",
        "userDefined": true
      }
    ],
    "isTemplate": false,
    "count": 0,
    "updated": 1530034071
  },
  {
    "id": "79a0e840-526b-4c6a-971c-f333e58a1317",
    "data": [
      {
        "text": "any new announcements in ",
        "userDefined": false
      },
      {
        "text": "astronomy",
        "alias": "subject",
        "meta": "@subject",
        "userDefined": true
      }
    ],
    "isTemplate": false,
    "count": 0,
    "updated": 1530034071
  },
  {
    "id": "93a4bff6-54f6-46b3-a724-6adfdc587d60",
    "data": [
      {
        "text": "any new notices",
        "userDefined": false
      }
    ],
    "isTemplate": false,
    "count": 0,
    "updated": 1530034071
  },
  {
    "id": "c87468f8-a60b-4287-9e27-ded508465805",
    "data": [
      {
        "text": "any new announcements",
        "userDefined": false
      }
    ],
    "isTemplate": false,
    "count": 0,
    "updated": 1530034071
  },
  {
    "id": "afb5a1e0-7c1c-487c-851f-dca48e651e26",
    "data": [
      {
        "text": "my announcement",
        "userDefined": false
      }
    ],
    "isTemplate": false,
    "count": 0,
    "updated": 1530034071
  },
  {
    "id": "67283e72-486a-4107-bb24-4f79f418e05e",
    "data": [
      {
        "text": "my notices",
        "userDefined": false
      }
    ],
    "isTemplate": false,
    "count": 1,
    "updated": 1529507493
  },
  {
    "id": "8eb4c72e-fe17-4b2a-8489-17a205501490",
    "data": [
      {
        "text": "my announcements",
        "userDefined": false
      }
    ],
    "isTemplate": false,
    "count": 0,
    "updated": 1530034071
  },
  {
    "id": "c6db5261-cf4b-417a-88ff-85ef514a6027",
    "data": [
      {
        "text": "read notices",
        "userDefined": false
      }
    ],
    "isTemplate": false,
    "count": 0,
    "updated": 1530034071
  },
  {
    "id": "180d181f-3e66-499f-9ed7-c76ee0dc2a7a",
    "data": [
      {
        "text": "read notice",
        "userDefined": false
      }
    ],
    "isTemplate": false,
    "count": 0,
    "updated": 1530034071
  },
  {
    "id": "7ee482f0-cbfd-441a-80e9-39cd55f9d220",
    "data": [
      {
        "text": "read announcement",
        "userDefined": false
      }
    ],
    "isTemplate": false,
    "count": 0,
    "updated": 1530034071
  },
  {
    "id": "64e875da-6149-4403-980a-d214c0363a18",
    "data": [
      {
        "text": "read announcements",
        "userDefined": false
      }
    ],
    "isTemplate": false,
    "count": 0,
    "updated": 1530034071
  }
]