[
  {
    "id": "81900548-1cfb-4771-a9e1-f7487c2612bf",
    "data": [
      {
        "text": "okay",
        "userDefined": false
      }
    ],
    "isTemplate": false,
    "count": 0,
    "updated": 1531245387
  },
  {
    "id": "92d1a65d-1af5-4d78-a69a-57f06619e06b",
    "data": [
      {
        "text": "of course",
        "userDefined": false
      }
    ],
    "isTemplate": false,
    "count": 0,
    "updated": 1531245387
  },
  {
    "id": "d4b7912d-0198-42dd-8d56-9a4ad741e1b7",
    "data": [
      {
        "text": "I don\u0027t mind",
        "userDefined": false
      }
    ],
    "isTemplate": false,
    "count": 0,
    "updated": 1531245387
  },
  {
    "id": "87e8b9a0-5068-4d15-957f-726d75ad60de",
    "data": [
      {
        "text": "do it",
        "userDefined": false
      }
    ],
    "isTemplate": false,
    "count": 1,
    "updated": 1531245387
  },
  {
    "id": "d4f7b6b2-0575-4d4f-8dfd-877c6a08fbcf",
    "data": [
      {
        "text": "ok",
        "userDefined": false
      }
    ],
    "isTemplate": false,
    "count": 0,
    "updated": 1531245387
  },
  {
    "id": "061117ca-12e2-4be2-a793-7a00d8a4c803",
    "data": [
      {
        "text": "sounds good",
        "userDefined": false
      }
    ],
    "isTemplate": false,
    "count": 0,
    "updated": 1531245387
  },
  {
    "id": "490a6fc2-1f17-4196-a41f-b8a5996c3ab6",
    "data": [
      {
        "text": "confirm",
        "userDefined": false
      }
    ],
    "isTemplate": false,
    "count": 1,
    "updated": 1531245387
  },
  {
    "id": "a9414c14-1093-484d-846b-31393aa55091",
    "data": [
      {
        "text": "that\u0027s correct",
        "userDefined": false
      }
    ],
    "isTemplate": false,
    "count": 0,
    "updated": 1531245387
  },
  {
    "id": "cf11ba42-4be2-458b-bd31-0bc2b0998c04",
    "data": [
      {
        "text": "I agree",
        "userDefined": false
      }
    ],
    "isTemplate": false,
    "count": 1,
    "updated": 1531245387
  },
  {
    "id": "98deab7e-1373-4c9a-bc12-e18daf78a32d",
    "data": [
      {
        "text": "yes",
        "userDefined": false
      }
    ],
    "isTemplate": false,
    "count": 0,
    "updated": 1531245387
  },
  {
    "id": "5609bf1f-7a24-44e0-83e1-98ee057f346a",
    "data": [
      {
        "text": "exactly",
        "userDefined": false
      }
    ],
    "isTemplate": false,
    "count": 0,
    "updated": 1531245387
  },
  {
    "id": "bef7a531-bcfa-4611-a5be-8703b8e1df08",
    "data": [
      {
        "text": "sure",
        "userDefined": false
      }
    ],
    "isTemplate": false,
    "count": 2,
    "updated": 1531245387
  }
]