[
  {
    "id": "a9383038-dcd5-494a-8e26-2ca787544cb9",
    "data": [
      {
        "text": "course ",
        "userDefined": false
      },
      {
        "text": "8Scnts",
        "alias": "id",
        "meta": "@sys.any",
        "userDefined": true
      }
    ],
    "isTemplate": false,
    "count": 0,
    "updated": 1529954110
  },
  {
    "id": "a7d38700-a1b6-4326-bdd5-ad94a67cb97f",
    "data": [
      {
        "text": "course ",
        "userDefined": false
      },
      {
        "text": "8SoStds",
        "alias": "id",
        "meta": "@sys.any",
        "userDefined": true
      }
    ],
    "isTemplate": false,
    "count": 0,
    "updated": 1529954110
  },
  {
    "id": "eff0b621-122c-4d80-b914-0b5c22e93ef4",
    "data": [
      {
        "text": "course ",
        "userDefined": false
      },
      {
        "text": "sL1",
        "alias": "id",
        "meta": "@sys.any",
        "userDefined": true
      }
    ],
    "isTemplate": false,
    "count": 0,
    "updated": 1529954110
  },
  {
    "id": "ae6e737a-10b3-4178-9121-21fa60da4741",
    "data": [
      {
        "text": "course @sys.any:id",
        "userDefined": false
      }
    ],
    "isTemplate": true,
    "count": 0,
    "updated": 1529954110
  }
]