[
  {
    "id": "f7325dea-2fd1-4928-8a7b-299d4f69bc98",
    "data": [
      {
        "text": "list my subjects",
        "userDefined": false
      }
    ],
    "isTemplate": false,
    "count": 0,
    "updated": 1529919325
  },
  {
    "id": "da6dee4e-f7e1-415c-9771-c9f981ef7120",
    "data": [
      {
        "text": "my subjects",
        "userDefined": false
      }
    ],
    "isTemplate": false,
    "count": 0,
    "updated": 1529919325
  },
  {
    "id": "29be7c8a-5288-4821-ac2d-5f3b7fdda929",
    "data": [
      {
        "text": "my classes",
        "userDefined": false
      }
    ],
    "isTemplate": false,
    "count": 0,
    "updated": 1529919325
  },
  {
    "id": "1cddeece-b2ff-4a3f-b745-4110da4cdd43",
    "data": [
      {
        "text": "my courses",
        "userDefined": false
      }
    ],
    "isTemplate": false,
    "count": 0,
    "updated": 1529919325
  },
  {
    "id": "3962916d-a7e4-4651-89cb-4727318e89cd",
    "data": [
      {
        "text": "show me my classes",
        "userDefined": false
      }
    ],
    "isTemplate": false,
    "count": 0,
    "updated": 1529919325
  },
  {
    "id": "3ff1f3c5-b21f-47d8-9fa6-5daa016b219f",
    "data": [
      {
        "text": "list my classes",
        "userDefined": false
      }
    ],
    "isTemplate": false,
    "count": 0,
    "updated": 1529919325
  },
  {
    "id": "f4aa4470-4e86-4673-a727-11a247b3e364",
    "data": [
      {
        "text": "show me my courses",
        "userDefined": false
      }
    ],
    "isTemplate": false,
    "count": 0,
    "updated": 1529919325
  },
  {
    "id": "84dd0ca1-c7c5-4c6a-81d0-1df00dd89971",
    "data": [
      {
        "text": "list my courses",
        "userDefined": false
      }
    ],
    "isTemplate": false,
    "count": 0,
    "updated": 1529919325
  }
]