[
  {
    "id": "1435a2fa-aa9a-49c8-984e-ec5dbb54531a",
    "data": [
      {
        "text": "ok ",
        "userDefined": false
      },
      {
        "text": "history",
        "alias": "subject",
        "meta": "@subject",
        "userDefined": true
      }
    ],
    "isTemplate": false,
    "count": 0,
    "updated": 1530034201
  },
  {
    "id": "a2bf3c43-6da9-4690-915c-6d75ec9ce235",
    "data": [
      {
        "text": "yes ",
        "userDefined": false
      },
      {
        "text": "geography",
        "alias": "subject",
        "meta": "@subject",
        "userDefined": true
      }
    ],
    "isTemplate": false,
    "count": 0,
    "updated": 1530034201
  },
  {
    "id": "c2596e4e-4c9b-45c1-9eb6-38ff2dd54913",
    "data": [
      {
        "text": "social studies",
        "alias": "subject",
        "meta": "@subject",
        "userDefined": true
      }
    ],
    "isTemplate": false,
    "count": 0,
    "updated": 1529938112
  },
  {
    "id": "9e0c25cb-e58a-4190-a7d0-a19c966dddea",
    "data": [
      {
        "text": "science",
        "alias": "subject",
        "meta": "@subject",
        "userDefined": true
      }
    ],
    "isTemplate": false,
    "count": 0,
    "updated": 1529938112
  },
  {
    "id": "ea5ee8b4-4557-4b28-a602-5511421a0e92",
    "data": [
      {
        "text": "@subject:subject",
        "userDefined": false
      }
    ],
    "isTemplate": true,
    "count": 0,
    "updated": 1529938112
  }
]