[
  {
    "id": "5f5feff6-f275-4b80-a077-3ffbba0da129",
    "data": [
      {
        "text": "course ",
        "userDefined": false
      },
      {
        "text": "8Scnts",
        "alias": "id",
        "meta": "@sys.any",
        "userDefined": true
      }
    ],
    "isTemplate": false,
    "count": 0,
    "updated": 1531395567
  },
  {
    "id": "18093557-b982-489f-84f0-396c5bb484a0",
    "data": [
      {
        "text": "course ",
        "userDefined": false
      },
      {
        "text": "8SoStds",
        "alias": "id",
        "meta": "@sys.any",
        "userDefined": true
      }
    ],
    "isTemplate": false,
    "count": 0,
    "updated": 1531395567
  },
  {
    "id": "0f6f1142-dcbe-45d4-9886-cf2732e64563",
    "data": [
      {
        "text": "course ",
        "userDefined": false
      },
      {
        "text": "sL1",
        "alias": "id",
        "meta": "@sys.any",
        "userDefined": true
      }
    ],
    "isTemplate": false,
    "count": 0,
    "updated": 1531395567
  },
  {
    "id": "ab4b342d-362e-46e1-b6dd-d851a54888f9",
    "data": [
      {
        "text": "course @sys.any:id",
        "userDefined": false
      }
    ],
    "isTemplate": true,
    "count": 0,
    "updated": 1531395567
  }
]