[
  {
    "id": "41f8ca4e-0000-4810-ad2d-60eb6a29d2b2",
    "data": [
      {
        "text": "start assignments for @subject:subject",
        "userDefined": false
      }
    ],
    "isTemplate": true,
    "count": 0,
    "updated": 1530034556
  },
  {
    "id": "7a60c878-9940-463a-99d5-330202d2188f",
    "data": [
      {
        "text": "finish assignments",
        "userDefined": false
      }
    ],
    "isTemplate": false,
    "count": 0,
    "updated": 1530034556
  },
  {
    "id": "6c100c0b-2b1a-467b-8149-497b89d87010",
    "data": [
      {
        "text": "start assignments",
        "userDefined": false
      }
    ],
    "isTemplate": false,
    "count": 0,
    "updated": 1530034556
  },
  {
    "id": "f7786073-05b0-4dfd-9a32-ebaee0eb4d14",
    "data": [
      {
        "text": "do assignments",
        "userDefined": false
      }
    ],
    "isTemplate": false,
    "count": 0,
    "updated": 1530034556
  },
  {
    "id": "0ec7138e-c2de-4213-a4c9-bd669dc95379",
    "data": [
      {
        "text": "start homework",
        "userDefined": false
      }
    ],
    "isTemplate": false,
    "count": 0,
    "updated": 1530034556
  },
  {
    "id": "89367021-1b07-4dd8-8cdb-96891a122224",
    "data": [
      {
        "text": "finish homework",
        "userDefined": false
      }
    ],
    "isTemplate": false,
    "count": 0,
    "updated": 1530034556
  },
  {
    "id": "87f01d45-cda2-4e32-af3a-18f9f5d64ddf",
    "data": [
      {
        "text": "do @sys.date:due_date homework",
        "userDefined": false
      }
    ],
    "isTemplate": true,
    "count": 0,
    "updated": 1530034556
  },
  {
    "id": "f251b6db-81db-4f35-8528-5d22cccfd5cd",
    "data": [
      {
        "text": "do homework for @subject:subject",
        "userDefined": false
      }
    ],
    "isTemplate": true,
    "count": 0,
    "updated": 1530034556
  },
  {
    "id": "437243f6-5fc4-44a1-b088-f73174bc7617",
    "data": [
      {
        "text": "do homework",
        "userDefined": false
      }
    ],
    "isTemplate": false,
    "count": 0,
    "updated": 1530034556
  },
  {
    "id": "50ff3a78-41ea-4556-8746-b30729dafe86",
    "data": [
      {
        "text": "my assignments due by @sys.date:due_date",
        "userDefined": false
      }
    ],
    "isTemplate": true,
    "count": 0,
    "updated": 1530034556
  },
  {
    "id": "32570cb2-d058-4391-8620-422f4657f38c",
    "data": [
      {
        "text": "list my homework due by @sys.date:due_date",
        "userDefined": false
      }
    ],
    "isTemplate": true,
    "count": 0,
    "updated": 1530034556
  },
  {
    "id": "bbeddd81-8e21-4555-b2af-a3fc19d944dd",
    "data": [
      {
        "text": "my assignments due @sys.date:due_date for @subject:subject",
        "userDefined": false
      }
    ],
    "isTemplate": true,
    "count": 0,
    "updated": 1530034556
  },
  {
    "id": "4694f6bb-ac0f-47b5-90bc-56165211bb29",
    "data": [
      {
        "text": "list homework due @sys.date:due_date for @subject:subject",
        "userDefined": false
      }
    ],
    "isTemplate": true,
    "count": 0,
    "updated": 1530034556
  },
  {
    "id": "e67e7304-23bb-499a-a068-ff5926f3a721",
    "data": [
      {
        "text": "homework due @sys.date:due_date",
        "userDefined": false
      }
    ],
    "isTemplate": true,
    "count": 0,
    "updated": 1530034556
  },
  {
    "id": "400e9a3d-fa4b-4625-9272-db4a975b894b",
    "data": [
      {
        "text": "due homework",
        "userDefined": false
      }
    ],
    "isTemplate": false,
    "count": 0,
    "updated": 1530034556
  },
  {
    "id": "8522b896-4991-41b1-ad2b-ca1165b13470",
    "data": [
      {
        "text": "list assignments",
        "userDefined": false
      }
    ],
    "isTemplate": false,
    "count": 0,
    "updated": 1530034556
  },
  {
    "id": "b6311e83-baa1-4c49-ba9b-cd04883ed9ee",
    "data": [
      {
        "text": "due assignments",
        "userDefined": false
      }
    ],
    "isTemplate": false,
    "count": 0,
    "updated": 1530034556
  },
  {
    "id": "7b58a3e8-9955-4de1-98de-0ec2569c6416",
    "data": [
      {
        "text": "list my homework",
        "userDefined": false
      }
    ],
    "isTemplate": false,
    "count": 0,
    "updated": 1530034556
  },
  {
    "id": "eb817021-2f7d-4ee0-b19a-f9345ab4e43a",
    "data": [
      {
        "text": "show me my homework",
        "userDefined": false
      }
    ],
    "isTemplate": false,
    "count": 0,
    "updated": 1530034556
  },
  {
    "id": "0819e15a-722a-45b1-b897-1e862feff697",
    "data": [
      {
        "text": "my assignments",
        "userDefined": false
      }
    ],
    "isTemplate": false,
    "count": 0,
    "updated": 1530034556
  }
]