[
  {
    "id": "2663ad1c-aec6-45b3-9357-3235254dd5e4",
    "data": [
      {
        "text": "homework ",
        "userDefined": false
      },
      {
        "text": "s0001b",
        "alias": "id",
        "meta": "@sys.any",
        "userDefined": true
      }
    ],
    "isTemplate": false,
    "count": 0,
    "updated": 1529940448
  },
  {
    "id": "4a9e0675-e678-49a0-9237-fdab783c6a27",
    "data": [
      {
        "text": "homework - @sys.any:id",
        "userDefined": false
      }
    ],
    "isTemplate": true,
    "count": 0,
    "updated": 1529940448
  },
  {
    "id": "1cf766e8-9f97-4c87-8725-35abde89af25",
    "data": [
      {
        "text": "homework - ",
        "userDefined": false
      },
      {
        "text": "14721899513",
        "alias": "id",
        "meta": "@sys.any",
        "userDefined": true
      }
    ],
    "isTemplate": false,
    "count": 0,
    "updated": 1529940448
  }
]