[
  {
    "id": "249ee7df-aebd-4de2-b50b-7f611322fd22",
    "data": [
      {
        "text": "any assignments",
        "userDefined": false
      }
    ],
    "isTemplate": false,
    "count": 0,
    "updated": 1530519211
  },
  {
    "id": "ed981769-86ce-4a9e-ad9e-f5c480bb8269",
    "data": [
      {
        "text": "any homework ",
        "userDefined": false
      },
      {
        "text": "today",
        "alias": "due_date",
        "meta": "@sys.date",
        "userDefined": false
      }
    ],
    "isTemplate": false,
    "count": 1,
    "updated": 1530519211
  },
  {
    "id": "ef99dbd8-6b28-49cf-b628-17ca1f29ff11",
    "data": [
      {
        "text": "any homework",
        "userDefined": false
      }
    ],
    "isTemplate": false,
    "count": 0,
    "updated": 1530519211
  },
  {
    "id": "3d5dcaee-59f8-4583-9401-efc358b3453e",
    "data": [
      {
        "text": "start assignments for @subject:subject",
        "userDefined": false
      }
    ],
    "isTemplate": true,
    "count": 0,
    "updated": 1530519211
  },
  {
    "id": "2bb507d3-b4b8-46d7-b726-450fdf2ce9b4",
    "data": [
      {
        "text": "finish assignments",
        "userDefined": false
      }
    ],
    "isTemplate": false,
    "count": 0,
    "updated": 1530519211
  },
  {
    "id": "f060a30c-c4e4-4b4f-a00d-95da786d77d3",
    "data": [
      {
        "text": "start assignments",
        "userDefined": false
      }
    ],
    "isTemplate": false,
    "count": 0,
    "updated": 1530519211
  },
  {
    "id": "8190d29e-667a-414f-96c5-87b5c3847d33",
    "data": [
      {
        "text": "do assignments",
        "userDefined": false
      }
    ],
    "isTemplate": false,
    "count": 0,
    "updated": 1530519211
  },
  {
    "id": "38352a98-d19f-4db5-914a-64872c467e94",
    "data": [
      {
        "text": "start homework",
        "userDefined": false
      }
    ],
    "isTemplate": false,
    "count": 0,
    "updated": 1530519211
  },
  {
    "id": "a40428b4-59b9-4bb8-8d86-765704565307",
    "data": [
      {
        "text": "finish homework",
        "userDefined": false
      }
    ],
    "isTemplate": false,
    "count": 0,
    "updated": 1530519211
  },
  {
    "id": "f4058ebe-b2b6-4466-9840-1e7ee6a9c29d",
    "data": [
      {
        "text": "do @sys.date:due_date homework",
        "userDefined": false
      }
    ],
    "isTemplate": true,
    "count": 0,
    "updated": 1530519211
  },
  {
    "id": "768c3929-e3e9-4d47-9367-f37818c196ff",
    "data": [
      {
        "text": "do homework for @subject:subject",
        "userDefined": false
      }
    ],
    "isTemplate": true,
    "count": 0,
    "updated": 1530519211
  },
  {
    "id": "7937abab-7751-4dbc-8b7a-4a051aa36142",
    "data": [
      {
        "text": "do homework",
        "userDefined": false
      }
    ],
    "isTemplate": false,
    "count": 0,
    "updated": 1530519211
  },
  {
    "id": "4ac20084-ed75-409a-bab6-1c764b86ab51",
    "data": [
      {
        "text": "my assignments due by @sys.date:due_date",
        "userDefined": false
      }
    ],
    "isTemplate": true,
    "count": 0,
    "updated": 1530519211
  },
  {
    "id": "a488a04b-77b5-4cbd-8aac-5273a98c5c99",
    "data": [
      {
        "text": "list my homework due by @sys.date:due_date",
        "userDefined": false
      }
    ],
    "isTemplate": true,
    "count": 0,
    "updated": 1530519211
  },
  {
    "id": "9fe6b209-406c-4b22-931f-b96fe141ce14",
    "data": [
      {
        "text": "my assignments due @sys.date:due_date for @subject:subject",
        "userDefined": false
      }
    ],
    "isTemplate": true,
    "count": 0,
    "updated": 1530519211
  },
  {
    "id": "7a7a5d3d-6e06-4305-abe5-7b6c4a65d6ff",
    "data": [
      {
        "text": "list homework due @sys.date:due_date for @subject:subject",
        "userDefined": false
      }
    ],
    "isTemplate": true,
    "count": 0,
    "updated": 1530519211
  },
  {
    "id": "14098c96-f244-4876-96b1-7e28a6525318",
    "data": [
      {
        "text": "homework due @sys.date:due_date",
        "userDefined": false
      }
    ],
    "isTemplate": true,
    "count": 0,
    "updated": 1530519211
  },
  {
    "id": "5a7cb30b-07c7-4c7c-9f80-1b8eb3a1d785",
    "data": [
      {
        "text": "due homework",
        "userDefined": false
      }
    ],
    "isTemplate": false,
    "count": 0,
    "updated": 1530519211
  },
  {
    "id": "cda8d34e-a618-485f-8b14-783bb80b2df3",
    "data": [
      {
        "text": "list assignments",
        "userDefined": false
      }
    ],
    "isTemplate": false,
    "count": 0,
    "updated": 1530519211
  },
  {
    "id": "b2b7d85c-7fa2-423c-bb2d-f8a73777f04c",
    "data": [
      {
        "text": "due assignments",
        "userDefined": false
      }
    ],
    "isTemplate": false,
    "count": 0,
    "updated": 1530519211
  },
  {
    "id": "29cddc68-bd6e-4fc4-bba7-44751219839b",
    "data": [
      {
        "text": "list my homework",
        "userDefined": false
      }
    ],
    "isTemplate": false,
    "count": 0,
    "updated": 1530519211
  },
  {
    "id": "33f7596a-dc2f-432c-9816-db71c22efd08",
    "data": [
      {
        "text": "show me my homework",
        "userDefined": false
      }
    ],
    "isTemplate": false,
    "count": 0,
    "updated": 1530519211
  },
  {
    "id": "708726c8-12d8-490e-8707-978d5d36255e",
    "data": [
      {
        "text": "my assignments",
        "userDefined": false
      }
    ],
    "isTemplate": false,
    "count": 0,
    "updated": 1530519211
  }
]