[
  {
    "id": "1da8e858-00e8-4f78-9c70-93b0e3d0bd70",
    "data": [
      {
        "text": "yes ",
        "userDefined": false
      },
      {
        "text": "astronomy",
        "alias": "subject",
        "meta": "@subject",
        "userDefined": true
      }
    ],
    "isTemplate": false,
    "count": 0,
    "updated": 1530034349
  },
  {
    "id": "1a05028c-044a-4cd6-b6c1-ac8857a8f221",
    "data": [
      {
        "text": "history",
        "alias": "subject",
        "meta": "@subject",
        "userDefined": true
      }
    ],
    "isTemplate": false,
    "count": 0,
    "updated": 1530034349
  },
  {
    "id": "7fdf234b-21d1-4e4b-861c-c3c2ef04978c",
    "data": [
      {
        "text": "ok ",
        "userDefined": false
      },
      {
        "text": "geography",
        "alias": "subject",
        "meta": "@subject",
        "userDefined": true
      }
    ],
    "isTemplate": false,
    "count": 0,
    "updated": 1530034349
  },
  {
    "id": "17e6ebbb-4dea-4ccd-a0f9-b3248cf55595",
    "data": [
      {
        "text": "@subject:subject",
        "userDefined": false
      }
    ],
    "isTemplate": true,
    "count": 0,
    "updated": 1530034349
  }
]