[
  {
    "id": "726f3c93-32af-4fa1-84f7-efd1bdd8000e",
    "data": [
      {
        "text": "define @sys.any:concept",
        "userDefined": false
      }
    ],
    "isTemplate": true,
    "count": 0,
    "updated": 1531383336
  },
  {
    "id": "3927c763-0eb2-483f-bcb2-68531f1a979e",
    "data": [
      {
        "text": "about @sys.any:concept",
        "userDefined": false
      }
    ],
    "isTemplate": true,
    "count": 0,
    "updated": 1531383336
  },
  {
    "id": "143aa6fd-5770-46f9-a1a4-8ab50d7b0ca4",
    "data": [
      {
        "text": "tell me about @sys.any:concept",
        "userDefined": false
      }
    ],
    "isTemplate": true,
    "count": 0,
    "updated": 1531383336
  },
  {
    "id": "9bc72225-400b-4062-9597-a4c31b87578d",
    "data": [
      {
        "text": "what is the meaning of @sys.any:concept?",
        "userDefined": false
      }
    ],
    "isTemplate": true,
    "count": 0,
    "updated": 1531383336
  },
  {
    "id": "5837ce6c-9593-4919-9893-d8e4cdebe172",
    "data": [
      {
        "text": "what do you mean by @sys.any:concept?",
        "userDefined": false
      }
    ],
    "isTemplate": true,
    "count": 0,
    "updated": 1531383336
  },
  {
    "id": "e9da1412-5d8b-45b0-be8d-37a7984347a0",
    "data": [
      {
        "text": "meaning of @sys.any:concept?",
        "userDefined": false
      }
    ],
    "isTemplate": true,
    "count": 0,
    "updated": 1531383336
  },
  {
    "id": "7ed656c6-713d-4e9e-a1a2-e29e3971664f",
    "data": [
      {
        "text": "what is @sys.any:concept?",
        "userDefined": false
      }
    ],
    "isTemplate": true,
    "count": 0,
    "updated": 1531383336
  },
  {
    "id": "40c555de-50a9-49f2-a4cb-33c3b9e50356",
    "data": [
      {
        "text": "what are @sys.any:concept?",
        "userDefined": false
      }
    ],
    "isTemplate": true,
    "count": 0,
    "updated": 1531383336
  },
  {
    "id": "3f16813c-c91e-4b0b-906f-03efd48fd6b1",
    "data": [
      {
        "text": "what is @sys.any:concept",
        "userDefined": false
      }
    ],
    "isTemplate": true,
    "count": 0,
    "updated": 1531383336
  },
  {
    "id": "f64eb2e6-24f9-46d1-89fc-42de69bc3f12",
    "data": [
      {
        "text": "meaning of @sys.any:concept",
        "userDefined": false
      }
    ],
    "isTemplate": true,
    "count": 0,
    "updated": 1531383336
  },
  {
    "id": "7bbe5613-7eef-4d93-bd32-7b5a290fe9e4",
    "data": [
      {
        "text": "@sys.any:concept meaning?",
        "userDefined": false
      }
    ],
    "isTemplate": true,
    "count": 0,
    "updated": 1531383336
  },
  {
    "id": "130c17a7-3d51-4edf-89ad-894b249f47aa",
    "data": [
      {
        "text": "what do you mean by @sys.any:concept",
        "userDefined": false
      }
    ],
    "isTemplate": true,
    "count": 1,
    "updated": 1531383336
  },
  {
    "id": "d44404b3-ce01-4af4-8db5-0fcc3529abba",
    "data": [
      {
        "text": "what is the meaning of @sys.any:concept",
        "userDefined": false
      }
    ],
    "isTemplate": true,
    "count": 0,
    "updated": 1531383336
  }
]