[
  {
    "id": "0c690cf9-546f-43d9-8715-2b49c651ec94",
    "data": [
      {
        "text": "how can i finish my homework",
        "userDefined": false
      }
    ],
    "isTemplate": false,
    "count": 0,
    "updated": 1531118317
  },
  {
    "id": "670473ae-baa8-4d2b-895b-99ddc87ac8a4",
    "data": [
      {
        "text": "how do i select a lesson",
        "userDefined": false
      }
    ],
    "isTemplate": false,
    "count": 0,
    "updated": 1531118317
  },
  {
    "id": "44452441-d5c9-45cc-a981-26f1c3e404a2",
    "data": [
      {
        "text": "how do i take a test",
        "userDefined": false
      }
    ],
    "isTemplate": false,
    "count": 0,
    "updated": 1531118317
  },
  {
    "id": "5221b175-fb89-47d1-bcdd-263f9347fb04",
    "data": [
      {
        "text": "how can i check my results",
        "userDefined": false
      }
    ],
    "isTemplate": false,
    "count": 0,
    "updated": 1531118317
  },
  {
    "id": "db2f53df-c33f-4b79-9130-7acf6fa3f3fb",
    "data": [
      {
        "text": "how do i check my learning credits",
        "userDefined": false
      }
    ],
    "isTemplate": false,
    "count": 0,
    "updated": 1531118317
  },
  {
    "id": "11e5a04a-f92a-4115-8f98-b7272e616912",
    "data": [
      {
        "text": "how can i take a quiz",
        "userDefined": false
      }
    ],
    "isTemplate": false,
    "count": 0,
    "updated": 1531118317
  }
]