[
  {
    "id": "277ac89e-1ede-457d-bc0e-b31a7a66bde6",
    "data": [
      {
        "text": "Ask Miss Fiona if I have any homework",
        "userDefined": false
      }
    ],
    "isTemplate": false,
    "count": 0,
    "updated": 1529594096
  },
  {
    "id": "7ad6ebd9-7bfb-494f-a990-24cc1a509733",
    "data": [
      {
        "text": "Ask Miss Fiona if there are any new messages",
        "userDefined": false
      }
    ],
    "isTemplate": false,
    "count": 0,
    "updated": 1529594096
  },
  {
    "id": "583fbe20-5be4-4f09-9fb7-f1dd5d7a17cc",
    "data": [
      {
        "text": "Any new assignments Miss Fiona",
        "userDefined": false
      }
    ],
    "isTemplate": false,
    "count": 0,
    "updated": 1529594096
  },
  {
    "id": "48b91c3b-f9b4-4aea-b08e-09ece102f03b",
    "data": [
      {
        "text": "Any new messages Miss Fiona",
        "userDefined": false
      }
    ],
    "isTemplate": false,
    "count": 0,
    "updated": 1529594096
  },
  {
    "id": "3c0327fd-7391-4d16-b637-ed33d71cef33",
    "data": [
      {
        "text": "Ask Miss Fiona about my homework",
        "userDefined": false
      }
    ],
    "isTemplate": false,
    "count": 0,
    "updated": 1529594096
  },
  {
    "id": "d5437708-e7a3-4bd3-8ce1-dc7b7a468a65",
    "data": [
      {
        "text": "Good Evening Miss Fiona",
        "userDefined": false
      }
    ],
    "isTemplate": false,
    "count": 0,
    "updated": 1529594096
  },
  {
    "id": "a3457512-137a-4704-af29-5bc6f68c8ba9",
    "data": [
      {
        "text": "Good Morning Miss Fiona",
        "userDefined": false
      }
    ],
    "isTemplate": false,
    "count": 0,
    "updated": 1529594096
  },
  {
    "id": "c979cb0d-50d8-4c19-8d1b-f9ef74fa6f2d",
    "data": [
      {
        "text": "Hello Miss Fiona",
        "userDefined": false
      }
    ],
    "isTemplate": false,
    "count": 0,
    "updated": 1529594096
  },
  {
    "id": "17455f0d-fefd-40aa-b831-a3b153b5106a",
    "data": [
      {
        "text": "Get me Miss Fiona",
        "userDefined": false
      }
    ],
    "isTemplate": false,
    "count": 0,
    "updated": 1529594096
  },
  {
    "id": "3193fae4-077b-4d98-afce-da1a9d3ea530",
    "data": [
      {
        "text": "Speak to Miss Fiona",
        "userDefined": false
      }
    ],
    "isTemplate": false,
    "count": 0,
    "updated": 1529594096
  },
  {
    "id": "98179523-d29b-4a49-9464-f7e7f719920b",
    "data": [
      {
        "text": "Talk to Miss Fiona",
        "userDefined": false
      }
    ],
    "isTemplate": false,
    "count": 0,
    "updated": 1529594096
  }
]