[
  {
    "id": "a998af01-ad55-4975-8e4a-d06a31ec8003",
    "data": [
      {
        "text": "who discovered the @sys.any:person?",
        "userDefined": false
      }
    ],
    "isTemplate": true,
    "count": 0,
    "updated": 1531719967
  },
  {
    "id": "48816980-e815-4e25-8f18-2c7136d0f51d",
    "data": [
      {
        "text": "who invented the @sys.any:person?",
        "userDefined": false
      }
    ],
    "isTemplate": true,
    "count": 0,
    "updated": 1531719967
  },
  {
    "id": "5504f298-ede2-4304-adf0-68062c4b1591",
    "data": [
      {
        "text": "who invented @sys.any:person?",
        "userDefined": false
      }
    ],
    "isTemplate": true,
    "count": 0,
    "updated": 1531719967
  },
  {
    "id": "5c684967-7dfc-48fb-8168-35ad2ca28802",
    "data": [
      {
        "text": "who discovered @sys.any:person?",
        "userDefined": false
      }
    ],
    "isTemplate": true,
    "count": 0,
    "updated": 1531719967
  },
  {
    "id": "b52bfe61-4bb5-427a-8376-fe02d8925ae4",
    "data": [
      {
        "text": "who @sys.any:person ?",
        "userDefined": false
      }
    ],
    "isTemplate": true,
    "count": 0,
    "updated": 1531719967
  },
  {
    "id": "2c143dfe-02a1-4ddb-87f2-1baf9d081d0a",
    "data": [
      {
        "text": "who is @sys.any:person ?",
        "userDefined": false
      }
    ],
    "isTemplate": true,
    "count": 0,
    "updated": 1531719967
  }
]