[
  {
    "id": "64e5de9d-c421-4529-854a-2e6947ce8214",
    "data": [
      {
        "text": "What can I learn ",
        "userDefined": false
      },
      {
        "text": "today",
        "meta": "@sys.ignore",
        "userDefined": false
      },
      {
        "text": "?",
        "userDefined": false
      }
    ],
    "isTemplate": false,
    "count": 0,
    "updated": 1531679862
  },
  {
    "id": "425f9805-bdb1-48db-9465-970eb01f6e58",
    "data": [
      {
        "text": "Let the learning begin",
        "userDefined": false
      }
    ],
    "isTemplate": false,
    "count": 0,
    "updated": 1531679862
  },
  {
    "id": "87e88e27-a788-4141-b1bf-dfb0cfa8d8ca",
    "data": [
      {
        "text": "Good Evening",
        "userDefined": false
      }
    ],
    "isTemplate": false,
    "count": 0,
    "updated": 1531679862
  },
  {
    "id": "db2dfaf1-91ab-4baa-8d5d-9f8965a277e7",
    "data": [
      {
        "text": "Good Morning",
        "userDefined": false
      }
    ],
    "isTemplate": false,
    "count": 0,
    "updated": 1531679862
  },
  {
    "id": "e803c24f-b70b-4dea-bf66-9aec7a2ddbb8",
    "data": [
      {
        "text": "Hello",
        "userDefined": false
      }
    ],
    "isTemplate": false,
    "count": 0,
    "updated": 1531679862
  }
]