[
  {
    "id": "feb15ef2-57e9-4374-8daf-9a680d3c14b5",
    "data": [
      {
        "text": "What can I learn ",
        "userDefined": false
      },
      {
        "text": "today",
        "meta": "@sys.ignore",
        "userDefined": false
      },
      {
        "text": "?",
        "userDefined": false
      }
    ],
    "isTemplate": false,
    "count": 0,
    "updated": 1530899460
  },
  {
    "id": "6428f1e2-1fc2-49d5-9434-d41ce041a35d",
    "data": [
      {
        "text": "Let the learning begin",
        "userDefined": false
      }
    ],
    "isTemplate": false,
    "count": 0,
    "updated": 1530899460
  },
  {
    "id": "9380f0e6-78c8-4ae1-99bc-c4ccc26a58fe",
    "data": [
      {
        "text": "Good Evening",
        "userDefined": false
      }
    ],
    "isTemplate": false,
    "count": 0,
    "updated": 1530899460
  },
  {
    "id": "634b97e0-b7ea-4479-9470-954f87e3c6b6",
    "data": [
      {
        "text": "Good Morning",
        "userDefined": false
      }
    ],
    "isTemplate": false,
    "count": 0,
    "updated": 1530899460
  },
  {
    "id": "0ef194ad-1375-45e5-8858-ad2385c6e5aa",
    "data": [
      {
        "text": "Hello",
        "userDefined": false
      }
    ],
    "isTemplate": false,
    "count": 0,
    "updated": 1530899460
  }
]