[
  {
    "id": "305f62a6-1ae8-4bc3-8d7b-b0ba7e36f79d",
    "data": [
      {
        "text": "read ",
        "userDefined": false
      },
      {
        "text": "science",
        "alias": "subject",
        "meta": "@subject",
        "userDefined": true
      }
    ],
    "isTemplate": false,
    "count": 0,
    "updated": 1529863517
  },
  {
    "id": "64fcc57a-b92a-4d15-a7e7-9b34f598bd2f",
    "data": [
      {
        "text": "show me lessons on ",
        "userDefined": false
      },
      {
        "text": "science",
        "alias": "subject",
        "meta": "@subject",
        "userDefined": true
      }
    ],
    "isTemplate": false,
    "count": 0,
    "updated": 1529863517
  },
  {
    "id": "08381e82-1636-497e-a9bb-d8aeb52ee1cf",
    "data": [
      {
        "text": "@subject:subject",
        "userDefined": false
      }
    ],
    "isTemplate": true,
    "count": 0,
    "updated": 1529863517
  }
]