[
  {
    "id": "a0d2c84a-06d1-435d-9aae-1e9dd771aaa2",
    "data": [
      {
        "text": "learn ",
        "userDefined": false
      },
      {
        "text": "science",
        "alias": "subject",
        "meta": "@subject",
        "userDefined": true
      }
    ],
    "isTemplate": false,
    "count": 0,
    "updated": 1531379068
  },
  {
    "id": "a3747852-eb97-4aee-9da0-68fbdcc6b042",
    "data": [
      {
        "text": "do ",
        "userDefined": false
      },
      {
        "text": "science",
        "alias": "subject",
        "meta": "@subject",
        "userDefined": true
      }
    ],
    "isTemplate": false,
    "count": 0,
    "updated": 1531379068
  },
  {
    "id": "51522c21-1b47-4046-8a95-64342c438ae3",
    "data": [
      {
        "text": "science",
        "alias": "subject",
        "meta": "@subject",
        "userDefined": true
      },
      {
        "text": " lessons",
        "userDefined": false
      }
    ],
    "isTemplate": false,
    "count": 0,
    "updated": 1531379068
  },
  {
    "id": "b6cac4f2-b2b5-4aa0-98a1-5c0633447552",
    "data": [
      {
        "text": "go to ",
        "userDefined": false
      },
      {
        "text": "science",
        "alias": "subject",
        "meta": "@subject",
        "userDefined": true
      },
      {
        "text": " class",
        "userDefined": false
      }
    ],
    "isTemplate": false,
    "count": 0,
    "updated": 1531379068
  },
  {
    "id": "6a49fff7-138b-45a0-82af-9bd390bb9c02",
    "data": [
      {
        "text": "let us do ",
        "userDefined": false
      },
      {
        "text": "science",
        "alias": "subject",
        "meta": "@subject",
        "userDefined": false
      }
    ],
    "isTemplate": false,
    "count": 0,
    "updated": 1531379068
  },
  {
    "id": "ee3e5d32-b807-42e0-85ed-076f389ccb1e",
    "data": [
      {
        "text": "read ",
        "userDefined": false
      },
      {
        "text": "science",
        "alias": "subject",
        "meta": "@subject",
        "userDefined": true
      }
    ],
    "isTemplate": false,
    "count": 0,
    "updated": 1531379068
  },
  {
    "id": "5ac885b5-8446-444b-a4b4-81a78ccae613",
    "data": [
      {
        "text": "show me lessons on ",
        "userDefined": false
      },
      {
        "text": "science",
        "alias": "subject",
        "meta": "@subject",
        "userDefined": true
      }
    ],
    "isTemplate": false,
    "count": 0,
    "updated": 1531379068
  },
  {
    "id": "aaff9759-2d96-49e4-b6c1-60e621058c54",
    "data": [
      {
        "text": "@subject:subject",
        "userDefined": false
      }
    ],
    "isTemplate": true,
    "count": 0,
    "updated": 1531379068
  }
]