[
  {
    "id": "13272455-d3d3-45c7-beb1-719ebd306980",
    "data": [
      {
        "text": "lesson ",
        "userDefined": false
      },
      {
        "text": "8SoStdsL1",
        "alias": "id",
        "meta": "@sys.any",
        "userDefined": true
      }
    ],
    "isTemplate": false,
    "count": 0,
    "updated": 1529954263
  },
  {
    "id": "d2c59d5b-1953-45b6-8264-62d19f7ae85b",
    "data": [
      {
        "text": "lesson @sys.any:id",
        "userDefined": false
      }
    ],
    "isTemplate": true,
    "count": 0,
    "updated": 1529954263
  },
  {
    "id": "8aec8ea4-7549-418f-8cef-543c11b6a6d7",
    "data": [
      {
        "text": "lesson ",
        "userDefined": false
      },
      {
        "text": "14721899513",
        "alias": "id",
        "meta": "@sys.any",
        "userDefined": true
      }
    ],
    "isTemplate": false,
    "count": 0,
    "updated": 1529954263
  }
]