[
  {
    "id": "3357ad8b-fcb4-4a10-92a1-0072dc1502d8",
    "data": [
      {
        "text": "cancel",
        "userDefined": false
      }
    ],
    "isTemplate": false,
    "count": 0,
    "updated": 1530213353
  },
  {
    "id": "24b2925c-6dc7-401b-a271-52fbddd9aad6",
    "data": [
      {
        "text": "nyet",
        "userDefined": false
      }
    ],
    "isTemplate": false,
    "count": 0,
    "updated": 1530213353
  },
  {
    "id": "a989ceaf-95dc-4a66-9261-66f6c74c5b54",
    "data": [
      {
        "text": "nah",
        "userDefined": false
      }
    ],
    "isTemplate": false,
    "count": 0,
    "updated": 1530213353
  },
  {
    "id": "5cbab951-65f8-4402-8040-3d9e4a2ed909",
    "data": [
      {
        "text": "nope",
        "userDefined": false
      }
    ],
    "isTemplate": false,
    "count": 0,
    "updated": 1530213353
  },
  {
    "id": "8af25327-4ef6-464d-bb8d-cee7559ea28d",
    "data": [
      {
        "text": "some other time",
        "userDefined": false
      }
    ],
    "isTemplate": false,
    "count": 0,
    "updated": 1530213353
  },
  {
    "id": "a274acaa-cd7a-4a63-975f-bd83aea94be5",
    "data": [
      {
        "text": "not yet",
        "userDefined": false
      }
    ],
    "isTemplate": false,
    "count": 0,
    "updated": 1530213353
  },
  {
    "id": "9468261e-9e1a-4a2c-b6a3-998d6b9f551c",
    "data": [
      {
        "text": "not now",
        "userDefined": false
      }
    ],
    "isTemplate": false,
    "count": 0,
    "updated": 1530213353
  },
  {
    "id": "6fa371c9-8c29-40bf-9636-8b1db4830ffa",
    "data": [
      {
        "text": "not right now",
        "userDefined": false
      }
    ],
    "isTemplate": false,
    "count": 0,
    "updated": 1530213353
  },
  {
    "id": "38f4222a-1256-407a-8454-a357ffc89cdb",
    "data": [
      {
        "text": "ask me later",
        "userDefined": false
      }
    ],
    "isTemplate": false,
    "count": 0,
    "updated": 1530213353
  },
  {
    "id": "bd2ab6fe-d341-46be-9825-aef17c98bd10",
    "data": [
      {
        "text": "remind me later",
        "userDefined": false
      }
    ],
    "isTemplate": false,
    "count": 0,
    "updated": 1530213353
  },
  {
    "id": "3ced5d21-6068-43eb-bd9d-7dfbc14423a6",
    "data": [
      {
        "text": "tomorrow",
        "meta": "@sys.ignore",
        "userDefined": false
      }
    ],
    "isTemplate": false,
    "count": 0,
    "updated": 1530213353
  },
  {
    "id": "59044250-c1d6-4365-ae0d-a63e5306bfe3",
    "data": [
      {
        "text": "next time",
        "userDefined": false
      }
    ],
    "isTemplate": false,
    "count": 0,
    "updated": 1530213353
  },
  {
    "id": "21916cfb-75b6-4f55-8d03-4ce0cea17e34",
    "data": [
      {
        "text": "not at the moment",
        "userDefined": false
      }
    ],
    "isTemplate": false,
    "count": 0,
    "updated": 1530213353
  },
  {
    "id": "586de6f1-0cbe-4542-a65e-c7be0c23523f",
    "data": [
      {
        "text": "i said later",
        "userDefined": false
      }
    ],
    "isTemplate": false,
    "count": 0,
    "updated": 1530213353
  },
  {
    "id": "fc7f2134-5e14-40f7-9364-378ac450a877",
    "data": [
      {
        "text": "later",
        "userDefined": false
      }
    ],
    "isTemplate": false,
    "count": 0,
    "updated": 1530213353
  },
  {
    "id": "7a965841-59f6-4ce8-bfb4-00f1ffb8cda4",
    "data": [
      {
        "text": "do it later",
        "userDefined": false
      }
    ],
    "isTemplate": false,
    "count": 0,
    "updated": 1530213353
  },
  {
    "id": "f9994ba9-46ab-4c9c-9e01-257f9f7e6363",
    "data": [
      {
        "text": "not at this time",
        "userDefined": false
      }
    ],
    "isTemplate": false,
    "count": 0,
    "updated": 1530213353
  },
  {
    "id": "b959bf28-b951-4171-af3e-a69b485e194e",
    "data": [
      {
        "text": "I disagree",
        "userDefined": false
      }
    ],
    "isTemplate": false,
    "count": 2,
    "updated": 1530213353
  },
  {
    "id": "1a051368-7cf4-48cf-9341-4a165f310973",
    "data": [
      {
        "text": "not really",
        "userDefined": false
      }
    ],
    "isTemplate": false,
    "count": 0,
    "updated": 1530213353
  },
  {
    "id": "af4efb19-74b1-4582-b188-06763e92194a",
    "data": [
      {
        "text": "no",
        "userDefined": false
      }
    ],
    "isTemplate": false,
    "count": 1,
    "updated": 1530213353
  },
  {
    "id": "f0583f5e-edd1-467a-8e39-813d29b65e75",
    "data": [
      {
        "text": "not interested",
        "userDefined": false
      }
    ],
    "isTemplate": false,
    "count": 0,
    "updated": 1530213353
  },
  {
    "id": "98fa3e37-a3ea-4bfe-9c78-9d3a20a1b67a",
    "data": [
      {
        "text": "I don\u0027t want that",
        "userDefined": false
      }
    ],
    "isTemplate": false,
    "count": 0,
    "updated": 1530213353
  },
  {
    "id": "f5460d65-9533-40f9-9dca-3bec13bdc3c6",
    "data": [
      {
        "text": "I don\u0027t think so",
        "userDefined": false
      }
    ],
    "isTemplate": false,
    "count": 0,
    "updated": 1530213353
  },
  {
    "id": "8cf4685c-0821-4de7-9704-1512c901be3c",
    "data": [
      {
        "text": "definitely not",
        "userDefined": false
      }
    ],
    "isTemplate": false,
    "count": 1,
    "updated": 1530213353
  },
  {
    "id": "1b5457cc-4411-40b2-89f3-0822d1d877b3",
    "data": [
      {
        "text": "don\u0027t do it",
        "userDefined": false
      }
    ],
    "isTemplate": false,
    "count": 0,
    "updated": 1530213353
  }
]