[
  {
    "id": "074b4973-536a-4fb9-9ad7-95356dd2708b",
    "data": [
      {
        "text": "show me the next question",
        "userDefined": false
      }
    ],
    "isTemplate": false,
    "count": 0,
    "updated": 1530447083
  },
  {
    "id": "30ba7ae4-7288-4b23-ac23-6b534dba2043",
    "data": [
      {
        "text": "switch to the next",
        "userDefined": false
      }
    ],
    "isTemplate": false,
    "count": 0,
    "updated": 1530447083
  },
  {
    "id": "1e222f6c-f402-42d5-aaaf-d9f1273e04a4",
    "data": [
      {
        "text": "next question",
        "userDefined": false
      }
    ],
    "isTemplate": false,
    "count": 0,
    "updated": 1530447083
  },
  {
    "id": "f45035ab-c342-48ef-b17d-dac2558a9b3c",
    "data": [
      {
        "text": "go to the next question",
        "userDefined": false
      }
    ],
    "isTemplate": false,
    "count": 0,
    "updated": 1530447083
  },
  {
    "id": "0e9eed15-66b5-4e2a-bde9-c6875d50d968",
    "data": [
      {
        "text": "next",
        "userDefined": false
      }
    ],
    "isTemplate": false,
    "count": 0,
    "updated": 1530447083
  },
  {
    "id": "1e9e73b3-650f-4d69-aeda-6a7883fabce1",
    "data": [
      {
        "text": "pass",
        "userDefined": false
      }
    ],
    "isTemplate": false,
    "count": 0,
    "updated": 1530447083
  },
  {
    "id": "409e252d-5099-4783-b962-c45ba1004c7a",
    "data": [
      {
        "text": "go forward",
        "userDefined": false
      }
    ],
    "isTemplate": false,
    "count": 0,
    "updated": 1530447083
  },
  {
    "id": "81a41c39-6090-4986-9e0f-d794235b34b1",
    "data": [
      {
        "text": "show me next",
        "userDefined": false
      }
    ],
    "isTemplate": false,
    "count": 0,
    "updated": 1530447083
  },
  {
    "id": "e318c483-aa41-4566-a18f-83319b191993",
    "data": [
      {
        "text": "read the next one",
        "userDefined": false
      }
    ],
    "isTemplate": false,
    "count": 0,
    "updated": 1530447083
  },
  {
    "id": "3eb9e11f-229f-4a4f-a518-ba83232331b1",
    "data": [
      {
        "text": "show me the following one",
        "userDefined": false
      }
    ],
    "isTemplate": false,
    "count": 0,
    "updated": 1530447083
  }
]