[
  {
    "id": "56d2b0bd-08ea-49a5-af5d-480439bf51a3",
    "data": [
      {
        "text": "quit now",
        "userDefined": false
      }
    ],
    "isTemplate": false,
    "count": 0,
    "updated": 1530202738
  },
  {
    "id": "93a690fb-761e-4ffd-90d2-1a3ccdbd15c6",
    "data": [
      {
        "text": "never mind",
        "userDefined": false
      }
    ],
    "isTemplate": false,
    "count": 0,
    "updated": 1530202738
  },
  {
    "id": "f9a23b3d-2cf3-4691-84cd-9ebac54aefa0",
    "data": [
      {
        "text": "just forget about it",
        "userDefined": false
      }
    ],
    "isTemplate": false,
    "count": 1,
    "updated": 1530202738
  },
  {
    "id": "8f8a7ffc-e6b8-4900-8559-665fef95b4ef",
    "data": [
      {
        "text": "stop",
        "userDefined": false
      }
    ],
    "isTemplate": false,
    "count": 3,
    "updated": 1530202738
  },
  {
    "id": "4444001f-a620-4a7f-bcf8-1bf55b32be1f",
    "data": [
      {
        "text": "do nothing",
        "userDefined": false
      }
    ],
    "isTemplate": false,
    "count": 0,
    "updated": 1530202738
  },
  {
    "id": "2a5ecb04-7d33-4378-b72d-d926686f6c18",
    "data": [
      {
        "text": "dismiss",
        "userDefined": false
      }
    ],
    "isTemplate": false,
    "count": 0,
    "updated": 1530202738
  },
  {
    "id": "e5378c66-b736-4efa-9545-316be2544126",
    "data": [
      {
        "text": "stop it",
        "userDefined": false
      }
    ],
    "isTemplate": false,
    "count": 0,
    "updated": 1530202738
  },
  {
    "id": "9ca2fb0c-898b-4168-ad03-03bcbd2791df",
    "data": [
      {
        "text": "cancel that",
        "userDefined": false
      }
    ],
    "isTemplate": false,
    "count": 5,
    "updated": 1530202738
  },
  {
    "id": "6e02802e-5109-45f9-91e9-49dbe3f58ed2",
    "data": [
      {
        "text": "forget that",
        "userDefined": false
      }
    ],
    "isTemplate": false,
    "count": 0,
    "updated": 1530202738
  },
  {
    "id": "5714e2e6-6631-473e-9676-693e5685ff62",
    "data": [
      {
        "text": "cancel",
        "userDefined": false
      }
    ],
    "isTemplate": false,
    "count": 0,
    "updated": 1530202738
  }
]