[
  {
    "id": "d9391947-71f0-4e14-a1b1-45e71bb1f0a6",
    "data": [
      {
        "text": "show me the next question",
        "userDefined": false
      }
    ],
    "isTemplate": false,
    "count": 0,
    "updated": 1530224344
  },
  {
    "id": "b887d3d7-18bb-4122-a3f4-1ab06bdc3acb",
    "data": [
      {
        "text": "switch to the next",
        "userDefined": false
      }
    ],
    "isTemplate": false,
    "count": 0,
    "updated": 1530224344
  },
  {
    "id": "356e4c21-9770-4f22-8061-6ae772e273b0",
    "data": [
      {
        "text": "next question",
        "userDefined": false
      }
    ],
    "isTemplate": false,
    "count": 0,
    "updated": 1530224344
  },
  {
    "id": "9a9a0fbf-029a-450e-bc27-4e3520295759",
    "data": [
      {
        "text": "go to the next question",
        "userDefined": false
      }
    ],
    "isTemplate": false,
    "count": 0,
    "updated": 1530224344
  },
  {
    "id": "2fb3985d-54ff-4320-92ff-1a944431975f",
    "data": [
      {
        "text": "next",
        "userDefined": false
      }
    ],
    "isTemplate": false,
    "count": 0,
    "updated": 1530224344
  },
  {
    "id": "2a363411-fae5-4623-9286-19085ededc94",
    "data": [
      {
        "text": "pass",
        "userDefined": false
      }
    ],
    "isTemplate": false,
    "count": 0,
    "updated": 1530224344
  },
  {
    "id": "93c0391a-4ff9-47fe-a7fa-2aa455fdef44",
    "data": [
      {
        "text": "go forward",
        "userDefined": false
      }
    ],
    "isTemplate": false,
    "count": 0,
    "updated": 1530224344
  },
  {
    "id": "1c58e1ce-2fca-40d0-9f33-89a0365cbecf",
    "data": [
      {
        "text": "show me next",
        "userDefined": false
      }
    ],
    "isTemplate": false,
    "count": 0,
    "updated": 1530224344
  },
  {
    "id": "58599d8c-99ad-495f-b333-567e7ec47860",
    "data": [
      {
        "text": "read the next one",
        "userDefined": false
      }
    ],
    "isTemplate": false,
    "count": 0,
    "updated": 1530224344
  },
  {
    "id": "5ed98687-328b-45e5-9eea-1eecb978f3f1",
    "data": [
      {
        "text": "show me the following one",
        "userDefined": false
      }
    ],
    "isTemplate": false,
    "count": 0,
    "updated": 1530224344
  }
]