[
  {
    "id": "68f54385-2f18-45e7-8ed2-87b35f95ea1f",
    "data": [
      {
        "text": "return to previous question",
        "userDefined": false
      }
    ],
    "isTemplate": false,
    "count": 0,
    "updated": 1530202457
  },
  {
    "id": "ceb53376-3274-4a9c-bb96-82dd2b1c4be2",
    "data": [
      {
        "text": "previous question",
        "userDefined": false
      }
    ],
    "isTemplate": false,
    "count": 0,
    "updated": 1530202457
  },
  {
    "id": "8dbe9168-de7a-4048-a24d-8d33ad9d719b",
    "data": [
      {
        "text": "previous",
        "userDefined": false
      }
    ],
    "isTemplate": false,
    "count": 1,
    "updated": 1530202457
  },
  {
    "id": "93dda1f0-61c8-40e3-92c2-92d865063f0b",
    "data": [
      {
        "text": "back",
        "userDefined": false
      }
    ],
    "isTemplate": false,
    "count": 0,
    "updated": 1530202457
  },
  {
    "id": "8dfe9e4f-c1d7-4173-bec2-6230492d90da",
    "data": [
      {
        "text": "read out the previous one",
        "userDefined": false
      }
    ],
    "isTemplate": false,
    "count": 0,
    "updated": 1530202457
  },
  {
    "id": "5cae8001-96ed-44de-b8a7-e10a8a185c1a",
    "data": [
      {
        "text": "go back to previous question",
        "userDefined": false
      }
    ],
    "isTemplate": false,
    "count": 0,
    "updated": 1530202457
  },
  {
    "id": "47e8f5a0-5df1-4c79-861d-f65c114c9f05",
    "data": [
      {
        "text": "go back",
        "userDefined": false
      }
    ],
    "isTemplate": false,
    "count": 0,
    "updated": 1530202457
  },
  {
    "id": "b0822bb5-dcef-4115-9502-a81a4fa69027",
    "data": [
      {
        "text": "return to the previous",
        "userDefined": false
      }
    ],
    "isTemplate": false,
    "count": 0,
    "updated": 1530202457
  },
  {
    "id": "3c1405ff-314a-4056-8dbd-09de9d718d59",
    "data": [
      {
        "text": "go to the previous one",
        "userDefined": false
      }
    ],
    "isTemplate": false,
    "count": 0,
    "updated": 1530202457
  }
]