[
  {
    "id": "9508c40e-e2aa-421a-91c3-2ddabc8c1f7a",
    "data": [
      {
        "text": "okay",
        "userDefined": false
      }
    ],
    "isTemplate": false,
    "count": 0,
    "updated": 1530221163
  },
  {
    "id": "4dc75ff4-3f58-41d1-aa8e-132f5aa47143",
    "data": [
      {
        "text": "of course",
        "userDefined": false
      }
    ],
    "isTemplate": false,
    "count": 0,
    "updated": 1530221163
  },
  {
    "id": "911c0667-6c1f-4d0d-b40b-ebff02d5132a",
    "data": [
      {
        "text": "I don\u0027t mind",
        "userDefined": false
      }
    ],
    "isTemplate": false,
    "count": 0,
    "updated": 1530221163
  },
  {
    "id": "b7a40cdb-d3ed-4fb4-9f55-fda595dc98eb",
    "data": [
      {
        "text": "do it",
        "userDefined": false
      }
    ],
    "isTemplate": false,
    "count": 1,
    "updated": 1530221163
  },
  {
    "id": "4a2cefcf-9c7f-4865-b7b3-b3dc5b20938c",
    "data": [
      {
        "text": "ok",
        "userDefined": false
      }
    ],
    "isTemplate": false,
    "count": 0,
    "updated": 1530221163
  },
  {
    "id": "bb8670ca-cacf-48bf-a481-65f16ba7ed56",
    "data": [
      {
        "text": "sounds good",
        "userDefined": false
      }
    ],
    "isTemplate": false,
    "count": 0,
    "updated": 1530221163
  },
  {
    "id": "6f4021db-054f-45c3-9032-c0eca12b1f2e",
    "data": [
      {
        "text": "confirm",
        "userDefined": false
      }
    ],
    "isTemplate": false,
    "count": 1,
    "updated": 1530221163
  },
  {
    "id": "f5ea7cc3-007e-459c-b2eb-357d3f190022",
    "data": [
      {
        "text": "that\u0027s correct",
        "userDefined": false
      }
    ],
    "isTemplate": false,
    "count": 0,
    "updated": 1530221163
  },
  {
    "id": "635d2956-de73-49bb-99b2-cc002d9385d1",
    "data": [
      {
        "text": "I agree",
        "userDefined": false
      }
    ],
    "isTemplate": false,
    "count": 1,
    "updated": 1530221163
  },
  {
    "id": "e32b3020-cc9c-44f9-85ec-4d4adc125727",
    "data": [
      {
        "text": "yes",
        "userDefined": false
      }
    ],
    "isTemplate": false,
    "count": 0,
    "updated": 1530221163
  },
  {
    "id": "7b3312b0-fb7d-4175-8fcf-10d38b854bd5",
    "data": [
      {
        "text": "exactly",
        "userDefined": false
      }
    ],
    "isTemplate": false,
    "count": 0,
    "updated": 1530221163
  },
  {
    "id": "1e0e270f-7656-4355-8af6-825a95105d74",
    "data": [
      {
        "text": "sure",
        "userDefined": false
      }
    ],
    "isTemplate": false,
    "count": 2,
    "updated": 1530221163
  }
]