[
  {
    "id": "3b68d8db-18ed-48aa-9b5a-b7078490fc2d",
    "data": [
      {
        "text": "okay",
        "userDefined": false
      }
    ],
    "isTemplate": false,
    "count": 0,
    "updated": 1530221163
  },
  {
    "id": "ca0d3a69-4b16-4cf4-98af-0924633be08b",
    "data": [
      {
        "text": "of course",
        "userDefined": false
      }
    ],
    "isTemplate": false,
    "count": 0,
    "updated": 1530221163
  },
  {
    "id": "b35ef801-81c1-433f-884b-7501f3d665f6",
    "data": [
      {
        "text": "I don\u0027t mind",
        "userDefined": false
      }
    ],
    "isTemplate": false,
    "count": 0,
    "updated": 1530221163
  },
  {
    "id": "8917b623-41e3-4ad1-b1b5-a00b6539a7df",
    "data": [
      {
        "text": "do it",
        "userDefined": false
      }
    ],
    "isTemplate": false,
    "count": 1,
    "updated": 1530221163
  },
  {
    "id": "78384ea6-2f13-4caf-9800-5c199ac4a60e",
    "data": [
      {
        "text": "ok",
        "userDefined": false
      }
    ],
    "isTemplate": false,
    "count": 0,
    "updated": 1530221163
  },
  {
    "id": "8c2f5efa-d347-4002-8e9a-34d8a204b8ef",
    "data": [
      {
        "text": "sounds good",
        "userDefined": false
      }
    ],
    "isTemplate": false,
    "count": 0,
    "updated": 1530221163
  },
  {
    "id": "fc6fd34d-5c80-4414-941a-24f8fa5d55d9",
    "data": [
      {
        "text": "confirm",
        "userDefined": false
      }
    ],
    "isTemplate": false,
    "count": 1,
    "updated": 1530221163
  },
  {
    "id": "0b7a291f-eb9d-4fd3-a23f-e8453a2a14f7",
    "data": [
      {
        "text": "that\u0027s correct",
        "userDefined": false
      }
    ],
    "isTemplate": false,
    "count": 0,
    "updated": 1530221163
  },
  {
    "id": "89dd614b-a8e8-4728-97a4-4873faaf0e33",
    "data": [
      {
        "text": "I agree",
        "userDefined": false
      }
    ],
    "isTemplate": false,
    "count": 1,
    "updated": 1530221163
  },
  {
    "id": "c3e11d2a-23a8-467c-9a27-3f7a660bb4dd",
    "data": [
      {
        "text": "yes",
        "userDefined": false
      }
    ],
    "isTemplate": false,
    "count": 0,
    "updated": 1530221163
  },
  {
    "id": "874d5493-3981-4e84-b652-768afeab8649",
    "data": [
      {
        "text": "exactly",
        "userDefined": false
      }
    ],
    "isTemplate": false,
    "count": 0,
    "updated": 1530221163
  },
  {
    "id": "deffb0d9-8236-461f-8bb3-6179479a0cda",
    "data": [
      {
        "text": "sure",
        "userDefined": false
      }
    ],
    "isTemplate": false,
    "count": 2,
    "updated": 1530221163
  }
]