[
  {
    "id": "60e76614-45b2-4fc0-9d8a-c6d922bc6e76",
    "data": [
      {
        "text": "science",
        "alias": "subject",
        "meta": "@subject",
        "userDefined": true
      },
      {
        "text": " test",
        "userDefined": false
      }
    ],
    "isTemplate": false,
    "count": 0,
    "updated": 1530785923
  },
  {
    "id": "2450fac2-6a10-4923-9285-9255894c2f35",
    "data": [
      {
        "text": "geography",
        "alias": "subject",
        "meta": "@subject",
        "userDefined": false
      },
      {
        "text": " test",
        "userDefined": false
      }
    ],
    "isTemplate": false,
    "count": 1,
    "updated": 1530785923
  },
  {
    "id": "9c49c9ac-f605-43c6-9ae6-48e38933bfdf",
    "data": [
      {
        "text": "check my understanding",
        "userDefined": false
      }
    ],
    "isTemplate": false,
    "count": 0,
    "updated": 1530785923
  },
  {
    "id": "f182299e-e9c1-4e29-9daa-8f0b0466b2c5",
    "data": [
      {
        "text": "check my knowledge",
        "userDefined": false
      }
    ],
    "isTemplate": false,
    "count": 0,
    "updated": 1530785923
  },
  {
    "id": "52aa13eb-5c34-4e1d-9a69-6770fdb28308",
    "data": [
      {
        "text": "any quizzes",
        "userDefined": false
      }
    ],
    "isTemplate": false,
    "count": 0,
    "updated": 1530785923
  },
  {
    "id": "71228165-fe1d-464b-945b-a5516987d612",
    "data": [
      {
        "text": "any tests",
        "userDefined": false
      }
    ],
    "isTemplate": false,
    "count": 0,
    "updated": 1530785923
  },
  {
    "id": "df98ab7e-37de-4009-bccc-33b320e3f019",
    "data": [
      {
        "text": "take a test on ",
        "userDefined": false
      },
      {
        "text": "geography",
        "alias": "subject",
        "meta": "@subject",
        "userDefined": true
      }
    ],
    "isTemplate": false,
    "count": 0,
    "updated": 1530785923
  },
  {
    "id": "233c12dc-83ef-4497-914f-f5fefbf9bf40",
    "data": [
      {
        "text": "how about a quiz",
        "userDefined": false
      }
    ],
    "isTemplate": false,
    "count": 0,
    "updated": 1530785923
  },
  {
    "id": "3ebb951d-3cc6-4105-8111-54a003c71b5c",
    "data": [
      {
        "text": "take a quiz",
        "userDefined": false
      }
    ],
    "isTemplate": false,
    "count": 0,
    "updated": 1530785923
  },
  {
    "id": "3c1b485a-19de-4c7d-9b64-2552d02e614f",
    "data": [
      {
        "text": "do ",
        "userDefined": false
      },
      {
        "text": "science",
        "alias": "subject",
        "meta": "@subject",
        "userDefined": false
      },
      {
        "text": " quiz",
        "userDefined": false
      }
    ],
    "isTemplate": false,
    "count": 0,
    "updated": 1530785923
  },
  {
    "id": "2b25722b-aa6b-45fc-bb76-c004052c8c6c",
    "data": [
      {
        "text": "take ",
        "userDefined": false
      },
      {
        "text": "science",
        "alias": "subject",
        "meta": "@subject",
        "userDefined": true
      },
      {
        "text": " quiz",
        "userDefined": false
      }
    ],
    "isTemplate": false,
    "count": 0,
    "updated": 1530785923
  },
  {
    "id": "743e0363-a8a2-4747-b63c-964a5bf8ad49",
    "data": [
      {
        "text": "let us do a quiz",
        "userDefined": false
      }
    ],
    "isTemplate": false,
    "count": 0,
    "updated": 1530785923
  },
  {
    "id": "cdc22875-d26e-4a88-a6b8-86948c197126",
    "data": [
      {
        "text": "take a quiz on ",
        "userDefined": false
      },
      {
        "text": "science",
        "alias": "subject",
        "meta": "@subject",
        "userDefined": true
      }
    ],
    "isTemplate": false,
    "count": 0,
    "updated": 1530785923
  }
]