[
  {
    "id": "7cee8fec-9d6b-4a8b-81e2-fbf959197797",
    "data": [
      {
        "text": "previous one",
        "userDefined": false
      }
    ],
    "isTemplate": false,
    "count": 0,
    "updated": 1530975858
  },
  {
    "id": "5362c525-63fb-49e6-b158-01fedd6e3674",
    "data": [
      {
        "text": "return to previous question",
        "userDefined": false
      }
    ],
    "isTemplate": false,
    "count": 0,
    "updated": 1530975858
  },
  {
    "id": "07a9b31f-590d-47b9-a064-e461a87d8b85",
    "data": [
      {
        "text": "previous question",
        "userDefined": false
      }
    ],
    "isTemplate": false,
    "count": 0,
    "updated": 1530975858
  },
  {
    "id": "3a4f2b42-61f2-4697-b322-3a5e7ad6dd90",
    "data": [
      {
        "text": "previous",
        "userDefined": false
      }
    ],
    "isTemplate": false,
    "count": 1,
    "updated": 1530975858
  },
  {
    "id": "e8f7fd98-007a-4b43-b47a-402ce2cc765f",
    "data": [
      {
        "text": "back",
        "userDefined": false
      }
    ],
    "isTemplate": false,
    "count": 0,
    "updated": 1530975858
  },
  {
    "id": "60e087f7-2bd5-4c65-91da-97072def468e",
    "data": [
      {
        "text": "read out the previous one",
        "userDefined": false
      }
    ],
    "isTemplate": false,
    "count": 0,
    "updated": 1530975858
  },
  {
    "id": "b3162153-92f7-4eca-8d63-c1a28b3d5b8e",
    "data": [
      {
        "text": "go back to previous question",
        "userDefined": false
      }
    ],
    "isTemplate": false,
    "count": 0,
    "updated": 1530975858
  },
  {
    "id": "9ed82403-1613-4f5d-92d5-c4d4d6364968",
    "data": [
      {
        "text": "go back",
        "userDefined": false
      }
    ],
    "isTemplate": false,
    "count": 0,
    "updated": 1530975858
  },
  {
    "id": "22c95e77-0127-4366-88d5-c3a6df2877bc",
    "data": [
      {
        "text": "return to the previous",
        "userDefined": false
      }
    ],
    "isTemplate": false,
    "count": 0,
    "updated": 1530975858
  },
  {
    "id": "41232d44-fb32-4de7-9a3e-f47bf4ceed67",
    "data": [
      {
        "text": "go to the previous one",
        "userDefined": false
      }
    ],
    "isTemplate": false,
    "count": 0,
    "updated": 1530975858
  }
]